2021-01-25,2021,0,,ORL,CHO,1444.62053201198,1442.77960094964,0.642502772322222,0.35749722767777803,,,,,,,,,1453.08064989224,1441.7490683045,0.6151564958553173,0.3848435041446827,,
2021-01-25,2021,0,,DET,PHI,1367.86552702958,1560.97829753133,0.36911852881717844,0.6308814711828216,,,,,,,,,1371.4995290412,1632.05846264652,0.2588911326745289,0.7411088673254711,,
2021-01-25,2021,0,,IND,TOR,1526.04781640106,1604.66875248356,0.5307281727056251,0.4692718272943749,,,,,,,,,1494.83591055687,1570.83982849946,0.4992935127598601,0.5007064872401399,,
2021-01-25,2021,0,,BRK,MIA,1503.62521647224,1522.1649753803,0.6151287758785339,0.3848712241214661,,,,,,,,,1633.57740119556,1471.78288267019,0.7911393254218371,0.20886067457816293,,
2021-01-25,2021,0,,CLE,LAL,1394.49901459775,1696.25266256854,0.2384152868029956,0.7615847131970044,,,,,,,,,1385.59006937277,1686.51304513739,0.1716683609524962,0.8283316390475037,,
2021-01-25,2021,0,,DAL,DEN,1532.5766728678,1584.18590027285,0.5691930747531138,0.43080692524688624,,,,,,,,,1619.00184914858,1617.74808427099,0.6126464944769779,0.38735350552302206,,
2021-01-25,2021,0,,NOP,SAS,1496.18069435208,1537.0029462263,0.5843495004524362,0.41565049954756383,,,,,,,,,1511.00180745429,1496.35209588174,0.6745897850834246,0.3254102149165754,,
2021-01-25,2021,0,,CHI,BOS,1431.29830749049,1577.12108816882,0.43443543389108213,0.5655645661089179,,,,,,,,,1418.15760927582,1635.42037409399,0.3714645721868685,0.6285354278131314,,
2021-01-25,2021,0,,GSW,MIN,1425.34502802086,1344.91543449786,0.7385867802251549,0.2614132197748451,,,,,,,,,1445.60786435053,1353.14589470327,0.7245145631903955,0.27548543680960447,,
2021-01-25,2021,0,,POR,OKC,1495.65014402629,1480.99879029599,0.6592572985695992,0.34074270143040075,,,,,,,,,1468.8980567279,1392.79330324431,0.7047749878968534,0.29522501210314656,,
2021-01-26,2021,0,,ATL,LAC,1445.53681667436,1621.06708488917,0.39298377985161514,0.6070162201483849,,,,,,,,,1519.81076428099,1646.11429773241,0.4423968266416742,0.5576031733583258,,
2021-01-26,2021,0,,HOU,WAS,1528.90877606616,1406.92508772881,0.7820820136326243,0.2179179863673757,,,,,,,,,1467.11034566648,1038.00285360172,0.9462977037445994,0.05370229625540057,,
2021-01-26,2021,0,,UTA,NYK,1608.94280946274,1453.81080531608,0.8128533037350816,0.18714669626491842,,,,,,,,,1638.75228014556,1432.0404588535,0.8619122783125491,0.13808772168745087,,
2021-01-27,2021,0,,ORL,SAC,1444.62053201198,1411.46771903487,0.6827609495568823,0.31723905044311773,,,,,,,,,1473.08932604054,1430.114780906,0.6759895741275085,0.3240104258724915,,
2021-01-27,2021,0,,CLE,DET,1394.49901459775,1367.86552702958,0.6745772192213978,0.3254227807786022,,,,,,,,,1391.17905841167,1371.19770080391,0.6345638090774367,0.3654361909225633,,
2021-01-27,2021,0,,CHO,IND,1442.77960094964,1526.04781640106,0.5240603762480809,0.4759396237519191,,,,,,,,,1441.7490683045,1494.83591055687,0.5321019666930852,0.4678980333069148,,
2021-01-27,2021,0,,MIA,DEN,1522.1649753803,1584.18590027285,0.5544396178600615,0.44556038213993854,,,,,,,,,1546.9699975535,1617.74808427099,0.4979077010361581,0.5020922989638419,,
2021-01-27,2021,0,,TOR,MIL,1604.66875248356,1618.95541470079,0.6209083840247467,0.3790916159752533,,,,,,,,,1595.41759120091,1640.91910727741,0.5372481756374244,0.46275182436257556,,
2021-01-27,2021,0,,ATL,BRK,1445.53681667436,1503.62521647224,0.5600247649738928,0.43997523502610725,,,,,,,,,1519.81076428099,1633.57740119556,0.39091378105267144,0.6090862189473285,,
2021-01-27,2021,0,,PHI,LAL,1560.97829753133,1696.25266256854,0.44940981476461017,0.5505901852353898,,,,,,,,,1628.168584917,1686.51304513739,0.5148762941914683,0.4851237058085317,,
2021-01-27,2021,0,,SAS,BOS,1537.0029462263,1577.12108816882,0.5853336205572889,0.4146663794427111,,,,,,,,,1495.81526910409,1633.44886024635,0.41539401188192254,0.5846059881180774,,
2021-01-27,2021,0,,UTA,DAL,1608.94280946274,1532.5766728678,0.7340453669178353,0.2659546330821647,,,,,,,,,1638.75228014556,1619.00184914858,0.6229088588338481,0.37709114116615194,,
2021-01-27,2021,0,,PHO,OKC,1555.20082565483,1480.99879029599,0.7316062860814072,0.2683937139185928,,,,,,,,,1579.39363550316,1437.91729227755,0.7865325963992024,0.21346740360079763,,
2021-01-27,2021,0,,NOP,WAS,1496.18069435208,1406.92508772881,0.7482767914407716,0.25172320855922836,,,,,,,,,1511.00180745429,1038.00285360172,0.9676422880140214,0.03235771198597859,,
2021-01-27,2021,0,,GSW,MIN,1425.34502802086,1344.91543449786,0.7385867802251549,0.2614132197748451,,,,,,,,,1445.60786435053,1353.14589470327,0.7175590226948311,0.2824409773051689,,
2021-01-28,2021,0,,MIA,LAC,1522.1649753803,1621.06708488917,0.5015799861651586,0.49842001383484136,,,,,,,,,1552.0474667735,1654.84428897642,0.3922071086230064,0.6077928913769937,,
2021-01-28,2021,0,,DET,LAL,1367.86552702958,1696.25266256854,0.21170108734830315,0.7882989126516968,,,,,,,,,1369.42028519549,1686.51304513739,0.2034300362900619,0.7965699637099382,,
2021-01-28,2021,0,,HOU,POR,1528.90877606616,1495.65014402629,0.6828928743929917,0.31710712560700827,,,,,,,,,1480.16577958665,1468.8980567279,0.6294437093103121,0.3705562906896879,,
2021-01-28,2021,0,,PHO,GSW,1555.20082565483,1425.34502802086,0.7897063587551127,0.21029364124488725,,,,,,,,,1582.1508961479,1445.60786435053,0.7795279809996563,0.22047201900034374,,
2021-01-29,2021,0,,CHO,IND,1442.77960094964,1526.04781640106,0.5240603762480809,0.4759396237519191,,,,,,,,,1441.7490683045,1494.83591055687,0.5324096589306244,0.4675903410693756,,
2021-01-29,2021,0,,WAS,ATL,1406.92508772881,1445.53681667436,0.5874368084662108,0.4125631915337892,,,,,,,,,1443.81292729755,1519.81076428099,0.48700460863832185,0.5129953913616782,,
2021-01-29,2021,0,,NYK,CLE,1453.81080531608,1394.49901459775,0.714445208836432,0.28555479116356797,,,,,,,,,1432.0404588535,1391.17905841167,0.6410706391077726,0.3589293608922274,,
2021-01-29,2021,0,,NOP,MIL,1496.18069435208,1618.95541470079,0.4672714067527329,0.5327285932472672,,,,,,,,,1511.00180745429,1640.91910727741,0.4229844026137082,0.5770155973862918,,
2021-01-29,2021,0,,TOR,SAC,1604.66875248356,1411.46771903487,0.8439347276124919,0.1560652723875081,,,,,,,,,1604.16373132227,1430.114780906,0.8100572089704128,0.18994279102958722,,
2021-01-29,2021,0,,ORL,LAC,1444.62053201198,1621.06708488917,0.3917262596935947,0.6082737403064054,,,,,,,,,1482.71071284986,1660.41370240095,0.41435473856307786,0.5856452614369221,,
2021-01-29,2021,0,,MIN,PHI,1344.91543449786,1560.97829753133,0.33891982619401184,0.6610801738059882,,,,,,,,,1437.54093244407,1625.98409584988,0.33992756754760933,0.6600724324523907,,
2021-01-29,2021,0,,OKC,BRK,1480.99879029599,1503.62521647224,0.6095445341756301,0.39045546582436985,,,,,,,,,1438.43774828662,1633.57740119556,0.33938342787767245,0.6606165721223276,,
2021-01-29,2021,0,,SAS,DEN,1537.0029462263,1584.18590027285,0.5754296729438024,0.42457032705619757,,,,,,,,,1495.81526910409,1617.74808427099,0.44267664221663083,0.5573233577833692,,
2021-01-29,2021,0,,UTA,DAL,1608.94280946274,1532.5766728678,0.7340453669178353,0.2659546330821647,,,,,,,,,1638.75228014556,1619.00184914858,0.6754005233246223,0.3245994766753777,,
2021-01-30,2021,0,,NOP,HOU,1496.18069435208,1528.90877606616,0.5956201061372007,0.40437989386279927,,,,,,,,,1511.00180745429,1484.6627547435,0.5732031042797411,0.4267968957202589,,
2021-01-30,2021,0,,MIA,SAC,1522.1649753803,1411.46771903487,0.7708065281981414,0.22919347180185856,,,,,,,,,1555.82530875718,1430.114780906,0.8071179058562502,0.1928820941437498,,
2021-01-30,2021,0,,CHO,MIL,1442.77960094964,1618.95541470079,0.39209767660734673,0.6079023233926533,,,,,,,,,1441.7490683045,1640.91910727741,0.33442503467727347,0.6655749653227265,,
2021-01-30,2021,0,,CHI,POR,1431.29830749049,1495.65014402629,0.5511225591207656,0.4488774408792344,,,,,,,,,1415.34766841293,1468.8980567279,0.5383521183450586,0.4616478816549414,,
2021-01-30,2021,0,,BOS,LAL,1577.12108816882,1696.25266256854,0.472495245271863,0.5275047547281371,,,,,,,,,1633.44886024635,1686.51304513739,0.5132244246599093,0.48677557534009075,,
2021-01-30,2021,0,,DAL,PHO,1532.5766728678,1555.20082565483,0.6095476488010168,0.39045235119898325,,,,,,,,,1619.00184914858,1584.65114018389,0.5861021937697684,0.41389780623023165,,
2021-01-30,2021,0,,SAS,MEM,1537.0029462263,1527.94588714718,0.6519865708468434,0.3480134291531566,,,,,,,,,1495.81526910409,1484.54385367628,0.5627635995923989,0.43723640040760114,,
2021-01-30,2021,0,,GSW,DET,1425.34502802086,1367.86552702958,0.712288519380025,0.287711480619975,,,,,,,,,1445.60786435053,1369.42028519549,0.7086424309710684,0.2913575690289316,,
2021-01-31,2021,0,,NYK,LAC,1453.81080531608,1621.06708488917,0.4044015768615104,0.5955984231384897,,,,,,,,,1432.0404588535,1660.41370240095,0.29284618933883727,0.7071538106611628,,
2021-01-31,2021,0,,DEN,UTA,1584.18590027285,1608.94280946274,0.6066218013326331,0.3933781986673669,,,,,,,,,1617.74808427099,1638.75228014556,0.62966809561987,0.37033190438013,,
2021-01-31,2021,0,,TOR,ORL,1604.66875248356,1444.62053201198,0.8171203178389967,0.18287968216100325,,,,,,,,,1604.16373132227,1482.71071284986,0.7590750949940657,0.24092490500593433,,
2021-01-31,2021,0,,IND,PHI,1526.04781640106,1560.97829753133,0.5925628511391419,0.40743714886085813,,,,,,,,,1494.83591055687,1625.98409584988,0.42132855229511895,0.5786714477048811,,
2021-01-31,2021,0,,WAS,BRK,1406.92508772881,1503.62521647224,0.5047487536864997,0.49525124631350026,,,,,,,,,1443.81292729755,1633.57740119556,0.3426544843377218,0.6573455156622783,,
2021-01-31,2021,0,,MIN,CLE,1344.91543449786,1394.49901459775,0.5720500510281824,0.4279499489718176,,,,,,,,,1437.54093244407,1386.38850133816,0.6839592420904327,0.3160407579095673,,
2021-02-01,2021,0,,CLE,MIN,1394.49901459775,1344.91543449786,0.7028846407343295,0.29711535926567045,,,,,,,,,1388.27835632155,1437.54093244407,0.5372291415014105,0.46277085849858945,,
2021-02-01,2021,0,,ATL,LAL,1445.53681667436,1696.25266256854,0.2957559889350896,0.7042440110649104,,,,,,,,,1519.81076428099,1686.51304513739,0.3787989567668356,0.6212010432331644,,
2021-02-01,2021,0,,MIA,CHO,1522.1649753803,1442.77960094964,0.7374245333615457,0.2625754666384543,,,,,,,,,1555.82530875718,1441.7490683045,0.7461160566880511,0.25388394331194886,,
2021-02-01,2021,0,,CHI,NYK,1431.29830749049,1453.81080531608,0.6097006091385759,0.39029939086142407,,,,,,,,,1415.34766841293,1432.0404588535,0.6510838880566205,0.34891611194337946,,
2021-02-01,2021,0,,MIL,POR,1618.95541470079,1495.65014402629,0.7833757989563104,0.21662420104368962,,,,,,,,,1640.91910727741,1468.8980567279,0.8019711852835931,0.19802881471640688,,
2021-02-01,2021,0,,NOP,SAC,1496.18069435208,1411.46771903487,0.7433194072167878,0.2566805927832122,,,,,,,,,1511.00180745429,1430.114780906,0.7083299248792523,0.2916700751207477,,
2021-02-01,2021,0,,OKC,HOU,1480.99879029599,1528.90877606616,0.574406880673183,0.425593119326817,,,,,,,,,1443.11867499539,1484.6627547435,0.5600593731101327,0.43994062688986735,,
2021-02-01,2021,0,,DAL,PHO,1532.5766728678,1555.20082565483,0.6095476488010168,0.39045235119898325,,,,,,,,,1619.00184914858,1584.65114018389,0.6497335606627556,0.35026643933724444,,
2021-02-01,2021,0,,SAS,MEM,1537.0029462263,1527.94588714718,0.6519865708468434,0.3480134291531566,,,,,,,,,1495.81526910409,1487.60285790637,0.6174159737241776,0.38258402627582244,,
2021-02-01,2021,0,,DEN,DET,1584.18590027285,1367.86552702958,0.8606724588264576,0.1393275411735424,,,,,,,,,1617.74808427099,1369.42028519549,0.8657002524043609,0.13429974759563912,,
2021-02-02,2021,0,,ORL,TOR,1444.62053201198,1604.66875248356,0.4144339572021632,0.5855660427978369,,,,,,,,,1486.86325483224,1601.30337593202,0.4366030067037896,0.5633969932962104,,
2021-02-02,2021,0,,IND,MEM,1526.04781640106,1527.94588714718,0.6375439752958671,0.36245602470413285,,,,,,,,,1494.83591055687,1489.14603516254,0.6831945945553505,0.3168054054446495,,
2021-02-02,2021,0,,BRK,LAC,1503.62521647224,1621.06708488917,0.474920198900964,0.5250798010990361,,,,,,,,,1633.57740119556,1660.41370240095,0.5594601722087326,0.44053982779126744,,
2021-02-02,2021,0,,UTA,DET,1608.94280946274,1367.86552702958,0.8769002955168501,0.12309970448314989,,,,,,,,,1638.75228014556,1369.42028519549,0.9194849379273372,0.08051506207266279,,
2021-02-02,2021,0,,GSW,BOS,1425.34502802086,1577.12108816882,0.42603498915640625,0.5739650108435937,,,,,,,,,1445.60786435053,1633.44886024635,0.3573837300057984,0.6426162699942016,,
2021-02-03,2021,0,,MIL,IND,1618.95541470079,1526.04781640106,0.7522158662835065,0.24778413371649355,,,,,,,,,1640.91910727741,1494.83591055687,0.8240819307498156,0.17591806925018438,,
2021-02-03,2021,0,,CLE,LAC,1394.49901459775,1621.06708488917,0.32550545237570516,0.6744945476242948,,,,,,,,,1394.34636719676,1660.41370240095,0.30605792639361395,0.693942073606386,,
2021-02-03,2021,0,,CHO,PHI,1442.77960094964,1560.97829753133,0.47383389635082446,0.5261661036491756,,,,,,,,,1441.7490683045,1625.98409584988,0.34681388439401106,0.6531861156059889,,
2021-02-03,2021,0,,MIA,WAS,1522.1649753803,1406.92508772881,0.7753934532563177,0.2246065467436823,,,,,,,,,1555.82530875718,1443.81292729755,0.7456735912672233,0.2543264087327767,,
2021-02-03,2021,0,,ATL,DAL,1445.53681667436,1532.5766728678,0.5186425002387353,0.48135749976126474,,,,,,,,,1519.81076428099,1619.00184914858,0.47638220790372743,0.5236177920962726,,
2021-02-03,2021,0,,OKC,HOU,1480.99879029599,1528.90877606616,0.574406880673183,0.425593119326817,,,,,,,,,1443.11867499539,1484.6627547435,0.5550593288398444,0.44494067116015557,,
2021-02-03,2021,0,,CHI,NYK,1431.29830749049,1453.81080531608,0.6097006091385759,0.39029939086142407,,,,,,,,,1415.34766841293,1432.0404588535,0.5824264029916019,0.41757359700839813,,
2021-02-03,2021,0,,SAS,MIN,1537.0029462263,1344.91543449786,0.8430886181797016,0.1569113818202984,,,,,,,,,1495.81526910409,1437.54093244407,0.6923081698199368,0.3076918301800632,,
2021-02-03,2021,0,,NOP,PHO,1496.18069435208,1555.20082565483,0.5587027975878227,0.4412972024121773,,,,,,,,,1511.00180745429,1584.65114018389,0.4974343199776568,0.5025656800223433,,
2021-02-03,2021,0,,SAC,BOS,1411.46771903487,1577.12108816882,0.40662596980476096,0.593374030195239,,,,,,,,,1430.114780906,1633.44886024635,0.361605319782167,0.6383946802178331,,
2021-02-04,2021,0,,PHI,POR,1560.97829753133,1495.65014402629,0.7214580091872115,0.2785419908127885,,,,,,,,,1625.98409584988,1468.8980567279,0.7399985938802389,0.2600014061197611,,
2021-02-04,2021,0,,DAL,GSW,1532.5766728678,1425.34502802086,0.7672631186142873,0.2327368813857127,,,,,,,,,1619.00184914858,1445.60786435053,0.7647057170515524,0.23529428294844756,,
2021-02-04,2021,0,,ATL,UTA,1445.53681667436,1608.94280946274,0.40975114248431044,0.5902488575156896,,,,,,,,,1519.81076428099,1638.75228014556,0.3908168569109519,0.6091831430890481,,
2021-02-04,2021,0,,MEM,HOU,1527.94588714718,1528.90877606616,0.6387870428320152,0.36121295716798485,,,,,,,,,1490.1544319344,1484.6627547435,0.6702827342999629,0.3297172657000371,,
2021-02-04,2021,0,,LAL,DEN,1696.25266256854,1584.18590027285,0.772196285019408,0.22780371498059204,,,,,,,,,1686.51304513739,1617.74808427099,0.6829832044674778,0.31701679553252216,,
2021-02-05,2021,0,,ORL,CHI,1444.62053201198,1431.29830749049,0.6575364930376953,0.34246350696230465,,,,,,,,,1489.1646884079,1415.34766841293,0.7033877897711581,0.2966122102288419,,
2021-02-05,2021,0,,CHO,UTA,1442.77960094964,1608.94280946274,0.40591803476064087,0.5940819652393592,,,,,,,,,1441.7490683045,1638.75228014556,0.3953915496157976,0.6046084503842024,,
2021-02-05,2021,0,,IND,NOP,1526.04781640106,1496.18069435208,0.6786501285220887,0.3213498714779113,,,,,,,,,1494.83591055687,1511.00180745429,0.5885922984450971,0.4114077015549029,,
2021-02-05,2021,0,,BRK,TOR,1503.62521647224,1604.66875248356,0.4984982354761316,0.5015017645238684,,,,,,,,,1633.57740119556,1599.46544889403,0.6524500982312449,0.3475499017687551,,
2021-02-05,2021,0,,CLE,MIL,1394.49901459775,1618.95541470079,0.32817990743032605,0.671820092569674,,,,,,,,,1396.62781415718,1640.91910727741,0.27654602683750584,0.7234539731624942,,
2021-02-05,2021,0,,MIA,WAS,1522.1649753803,1406.92508772881,0.7753934532563177,0.2246065467436823,,,,,,,,,1555.82530875718,1443.81292729755,0.7394503184664192,0.2605496815335808,,
2021-02-05,2021,0,,OKC,MIN,1480.99879029599,1344.91543449786,0.7955979429650794,0.20440205703492065,,,,,,,,,1443.11867499539,1437.54093244407,0.6241483990365909,0.3758516009634091,,
2021-02-05,2021,0,,PHO,DET,1555.20082565483,1367.86552702958,0.8394356384423648,0.1605643615576352,,,,,,,,,1584.65114018389,1369.42028519549,0.8408950293355736,0.15910497066442642,,
2021-02-05,2021,0,,LAC,BOS,1621.06708488917,1577.12108816882,0.6960630074509817,0.3039369925490183,,,,,,,,,1660.41370240095,1633.44886024635,0.623997169470418,0.37600283052958205,,
2021-02-06,2021,0,,NYK,POR,1453.81080531608,1495.65014402629,0.5829267523885023,0.41707324761149767,,,,,,,,,1432.0404588535,1468.8980567279,0.5413043269675043,0.4586956730324957,,
2021-02-06,2021,0,,SAC,DEN,1411.46771903487,1584.18590027285,0.3968519259416063,0.6031480740583937,,,,,,,,,1430.114780906,1617.74808427099,0.33907946400534456,0.6609205359946555,,
2021-02-06,2021,0,,ORL,CHI,1444.62053201198,1431.29830749049,0.6575364930376953,0.34246350696230465,,,,,,,,,1489.1646884079,1415.34766841293,0.6960873919086894,0.3039126080913106,,
2021-02-06,2021,0,,PHI,BRK,1560.97829753133,1503.62521647224,0.7121393596918975,0.28786064030810254,,,,,,,,,1625.98409584988,1633.57740119556,0.6511623536256644,0.34883764637433556,,
2021-02-06,2021,0,,NOP,MEM,1496.18069435208,1527.94588714718,0.5969544248005074,0.4030455751994926,,,,,,,,,1511.00180745429,1490.1544319344,0.5596330225091857,0.4403669774908143,,
2021-02-06,2021,0,,ATL,TOR,1445.53681667436,1604.66875248356,0.41571455389228074,0.5842854461077193,,,,,,,,,1519.81076428099,1599.46544889403,0.5707198035703699,0.4292801964296301,,
2021-02-06,2021,0,,OKC,MIN,1480.99879029599,1344.91543449786,0.7955979429650794,0.20440205703492065,,,,,,,,,1443.11867499539,1437.54093244407,0.6206690746462611,0.3793309253537389,,
2021-02-06,2021,0,,CLE,MIL,1394.49901459775,1618.95541470079,0.32817990743032605,0.671820092569674,,,,,,,,,1396.62781415718,1640.91910727741,0.2741868396080996,0.7258131603919005,,
2021-02-06,2021,0,,HOU,SAS,1528.90877606616,1537.0029462263,0.6292620918902074,0.37073790810979257,,,,,,,,,1484.6627547435,1504.81635627061,0.5680472656737546,0.43195273432624537,,
2021-02-06,2021,0,,DAL,GSW,1532.5766728678,1425.34502802086,0.7672631186142873,0.2327368813857127,,,,,,,,,1619.00184914858,1445.60786435053,0.805066386952683,0.19493361304731704,,
2021-02-06,2021,0,,LAL,DET,1696.25266256854,1367.86552702958,0.9217232636387142,0.07827673636128585,,,,,,,,,1686.51304513739,1369.42028519549,0.9251442997458253,0.07485570025417465,,
2021-02-07,2021,0,,NYK,MIA,1453.81080531608,1522.1649753803,0.5454164833385907,0.4545835166614093,,,,,,,,,1432.0404588535,1555.82530875718,0.3681556294905935,0.6318443705094066,,
2021-02-07,2021,0,,CHO,POR,1442.77960094964,1495.65014402629,0.5674117705020297,0.43258822949797027,,,,,,,,,1441.7490683045,1468.8980567279,0.6373434115559081,0.3626565884440919,,
2021-02-07,2021,0,,IND,UTA,1526.04781640106,1608.94280946274,0.5245962148015839,0.4754037851984161,,,,,,,,,1494.83591055687,1638.75228014556,0.40644133845215796,0.5935586615478421,,
2021-02-07,2021,0,,PHO,BOS,1555.20082565483,1577.12108816882,0.6105115733457218,0.3894884266542782,,,,,,,,,1584.65114018389,1630.73145646763,0.5502488774777157,0.44975112252228433,,
2021-02-07,2021,0,,LAC,SAC,1621.06708488917,1411.46771903487,0.8559679650341907,0.1440320349658093,,,,,,,,,1660.41370240095,1430.114780906,0.882366454928375,0.11763354507162505,,
2021-02-08,2021,0,,CHO,HOU,1442.77960094964,1528.90877606616,0.5199511228464587,0.4800488771535413,,,,,,,,,1441.7490683045,1484.6627547435,0.4887585351128764,0.5112414648871235,,
2021-02-08,2021,0,,CHI,WAS,1431.29830749049,1406.92508772881,0.6717145136787375,0.32828548632126253,,,,,,,,,1415.34766841293,1443.81292729755,0.5676236510115937,0.43237634898840627,,
2021-02-08,2021,0,,MEM,TOR,1527.94588714718,1604.66875248356,0.533448458990824,0.46655154100917595,,,,,,,,,1490.1544319344,1599.46544889403,0.44535808693261597,0.5546419130673841,,
2021-02-08,2021,0,,DAL,MIN,1532.5766728678,1344.91543449786,0.8396883662036565,0.1603116337963435,,,,,,,,,1619.00184914858,1437.54093244407,0.8132635437535239,0.18673645624647606,,
2021-02-08,2021,0,,SAS,GSW,1537.0029462263,1425.34502802086,0.7717820183095219,0.22821798169047813,,,,,,,,,1517.6923073396,1445.60786435053,0.700268139247777,0.299731860752223,,
2021-02-08,2021,0,,PHO,CLE,1555.20082565483,1394.49901459775,0.8176818757929303,0.18231812420706972,,,,,,,,,1584.65114018389,1396.62781415718,0.7912021419115434,0.20879785808845663,,
2021-02-08,2021,0,,DEN,MIL,1584.18590027285,1618.95541470079,0.5927865426543739,0.4072134573456261,,,,,,,,,1617.74808427099,1640.91910727741,0.6331029099882829,0.3668970900117171,,
2021-02-08,2021,0,,LAL,OKC,1696.25266256854,1480.99879029599,0.8599346341531893,0.14006536584681073,,,,,,,,,1686.51304513739,1443.11867499539,0.8644934517591439,0.13550654824085606,,
2021-02-09,2021,0,,DET,BRK,1367.86552702958,1503.62521647224,0.4487186251770121,0.5512813748229879,,,,,,,,,1369.42028519549,1633.57740119556,0.24496001986467192,0.755039980135328,,
2021-02-09,2021,0,,NOP,HOU,1496.18069435208,1528.90877606616,0.5956201061372007,0.40437989386279927,,,,,,,,,1511.00180745429,1484.6627547435,0.6981582342513696,0.3018417657486304,,
2021-02-09,2021,0,,MIA,NYK,1522.1649753803,1453.81080531608,0.7249449588427624,0.27505504115723756,,,,,,,,,1555.82530875718,1432.0404588535,0.7522933791168754,0.24770662088312456,,
2021-02-09,2021,0,,SAS,GSW,1537.0029462263,1425.34502802086,0.7717820183095219,0.22821798169047813,,,,,,,,,1524.49059772455,1445.60786435053,0.7079411724978619,0.2920588275021381,,
2021-02-09,2021,0,,SAC,PHI,1411.46771903487,1560.97829753133,0.42922696716132386,0.5707730328386762,,,,,,,,,1430.114780906,1625.98409584988,0.34203202339111016,0.6579679766088898,,
2021-02-09,2021,0,,POR,ORL,1495.65014402629,1444.62053201198,0.7046200719417501,0.29537992805824986,,,,,,,,,1468.8980567279,1489.1646884079,0.5731522869942279,0.42684771300577207,,
2021-02-09,2021,0,,UTA,BOS,1608.94280946274,1577.12108816882,0.6810989708334855,0.3189010291665145,,,,,,,,,1638.75228014556,1627.48035794229,0.6579217880702194,0.3420782119297806,,
2021-02-10,2021,0,,WAS,TOR,1406.92508772881,1604.66875248356,0.36293272782836306,0.637067272171637,,,,,,,,,1443.81292729755,1599.46544889403,0.3799523645906177,0.6200476354093822,,
2021-02-10,2021,0,,BRK,IND,1503.62521647224,1526.04781640106,0.6098237479811943,0.3901762520188057,,,,,,,,,1633.57740119556,1494.83591055687,0.7187643593492019,0.2812356406507981,,
2021-02-10,2021,0,,DAL,ATL,1532.5766728678,1445.53681667436,0.7458666992917793,0.2541333007082207,,,,,,,,,1619.00184914858,1519.81076428099,0.7342818449858337,0.2657181550141663,,
2021-02-10,2021,0,,MIN,LAC,1344.91543449786,1621.06708488917,0.26619574072857627,0.7338042592714238,,,,,,,,,1437.54093244407,1660.41370240095,0.3061959322439477,0.6938040677560523,,
2021-02-10,2021,0,,CHI,NOP,1431.29830749049,1496.18069435208,0.5503669003518296,0.44963309964817044,,,,,,,,,1415.34766841293,1511.00180745429,0.5432804941668884,0.4567195058331116,,
2021-02-10,2021,0,,MEM,CHO,1527.94588714718,1442.77960094964,0.7438169660478164,0.25618303395218356,,,,,,,,,1490.1544319344,1441.7490683045,0.6698590125917049,0.3301409874082951,,
2021-02-10,2021,0,,DEN,CLE,1584.18590027285,1394.49901459775,0.8412518053384798,0.15874819466152024,,,,,,,,,1617.74808427099,1396.62781415718,0.8765842621676336,0.12341573783236637,,
2021-02-10,2021,0,,LAL,OKC,1696.25266256854,1480.99879029599,0.8599346341531893,0.14006536584681073,,,,,,,,,1686.51304513739,1443.11867499539,0.8595532034400354,0.14044679655996462,,
2021-02-10,2021,0,,PHO,MIL,1555.20082565483,1618.95541470079,0.5519729316958947,0.4480270683041053,,,,,,,,,1584.65114018389,1640.91910727741,0.5376850548482444,0.46231494515175564,,
2021-02-11,2021,0,,DET,IND,1367.86552702958,1526.04781640106,0.4170429787884207,0.5829570212115793,,,,,,,,,1369.42028519549,1494.83591055687,0.502420479608269,0.49757952039173103,,
2021-02-11,2021,0,,HOU,MIA,1528.90877606616,1522.1649753803,0.6489590445914232,0.3510409554085768,,,,,,,,,1484.6627547435,1555.82530875718,0.5034050475922949,0.4965949524077051,,
2021-02-11,2021,0,,GSW,ORL,1425.34502802086,1444.62053201198,0.6141256031515507,0.38587439684844926,,,,,,,,,1445.60786435053,1489.1646884079,0.529041751499123,0.470958248500877,,
2021-02-11,2021,0,,POR,PHI,1495.65014402629,1560.97829753133,0.5497318184437086,0.45026818155629145,,,,,,,,,1468.8980567279,1625.98409584988,0.38119878620209807,0.618801213797902,,
2021-02-12,2021,0,,WAS,NYK,1406.92508772881,1453.81080531608,0.5758476414073804,0.42415235859261957,,,,,,,,,1443.81292729755,1432.0404588535,0.6226272140785919,0.3773727859214081,,
2021-02-12,2021,0,,CHO,MIN,1442.77960094964,1344.91543449786,0.7574955680425747,0.24250443195742533,,,,,,,,,1441.7490683045,1437.54093244407,0.6164241776436633,0.3835758223563367,,
2021-02-12,2021,0,,BOS,TOR,1577.12108816882,1604.66875248356,0.6027817157805637,0.3972182842194363,,,,,,,,,1627.48035794229,1599.46544889403,0.6224582661057915,0.37754173389420853,,
2021-02-12,2021,0,,ATL,SAS,1445.53681667436,1537.0029462263,0.5122787575828708,0.4877212424171292,,,,,,,,,1519.81076428099,1524.49059772455,0.6058118042254146,0.3941881957745854,,
2021-02-12,2021,0,,DAL,NOP,1532.5766728678,1496.18069435208,0.6867907938902957,0.31320920610970426,,,,,,,,,1619.00184914858,1511.00180745429,0.7446148288000843,0.25538517119991566,,
2021-02-12,2021,0,,CHI,LAC,1431.29830749049,1621.06708488917,0.37361236040385465,0.6263876395961454,,,,,,,,,1415.34766841293,1660.41370240095,0.27499083128572044,0.7250091687142796,,
2021-02-12,2021,0,,UTA,MIL,1608.94280946274,1618.95541470079,0.6266821059211316,0.3733178940788684,,,,,,,,,1638.75228014556,1640.91910727741,0.6512101026008215,0.34878989739917854,,
2021-02-12,2021,0,,DEN,OKC,1584.18590027285,1480.99879029599,0.7630797618366654,0.23692023816333463,,,,,,,,,1617.74808427099,1443.11867499539,0.8457291787750875,0.15427082122491254,,
2021-02-12,2021,0,,LAL,MEM,1696.25266256854,1527.94588714718,0.8241176442526338,0.17588235574736621,,,,,,,,,1686.51304513739,1490.1544319344,0.8316266137933968,0.16837338620660325,,
2021-02-12,2021,0,,POR,CLE,1495.65014402629,1394.49901459775,0.7609543770719253,0.23904562292807474,,,,,,,,,1468.8980567279,1396.62781415718,0.6427893407264921,0.3572106592735079,,
2021-02-12,2021,0,,SAC,ORL,1411.46771903487,1444.62053201198,0.5950310859794731,0.4049689140205269,,,,,,,,,1430.114780906,1489.1646884079,0.5813698383110096,0.41863016168899037,,
2021-02-13,2021,0,,PHO,PHI,1555.20082565483,1560.97829753133,0.6323678619934816,0.3676321380065184,,,,,,,,,1584.65114018389,1625.98409584988,0.5626232097083032,0.43737679029169685,,
2021-02-13,2021,0,,ATL,IND,1445.53681667436,1526.04781640106,0.5280175461788609,0.4719824538211391,,,,,,,,,1519.81076428099,1494.83591055687,0.5868077000179444,0.41319229998205564,,
2021-02-13,2021,0,,NYK,HOU,1453.81080531608,1528.90877606616,0.5357756603535103,0.4642243396464897,,,,,,,,,1432.0404588535,1484.6627547435,0.46847740039512814,0.5315225996048718,,
2021-02-13,2021,0,,GSW,BRK,1425.34502802086,1503.62521647224,0.5312166662761088,0.46878333372389125,,,,,,,,,1445.60786435053,1633.57740119556,0.3562023841278507,0.6437976158721492,,
2021-02-13,2021,0,,UTA,MIA,1608.94280946274,1522.1649753803,0.7455806917816541,0.2544193082183459,,,,,,,,,1638.75228014556,1555.82530875718,0.7053077199340004,0.29469228006599957,,
2021-02-14,2021,0,,DAL,POR,1532.5766728678,1495.65014402629,0.6874473823498437,0.3125526176501563,,,,,,,,,1619.00184914858,1468.8980567279,0.7927493075331613,0.2072506924668387,,
2021-02-14,2021,0,,BOS,DET,1577.12108816882,1367.86552702958,0.8557237962962205,0.14427620370377947,,,,,,,,,1627.48035794229,1369.42028519549,0.8705605001417445,0.12943949985825554,,
2021-02-14,2021,0,,TOR,MIN,1604.66875248356,1344.91543449786,0.8880431264290902,0.11195687357090978,,,,,,,,,1599.46544889403,1437.54093244407,0.7939974235556734,0.20600257644432662,,
2021-02-14,2021,0,,CHO,SAS,1442.77960094964,1537.0029462263,0.5083125084466168,0.4916874915533832,,,,,,,,,1441.7490683045,1524.49059772455,0.4917732470153519,0.508226752984648,,
2021-02-14,2021,0,,OKC,MIL,1480.99879029599,1618.95541470079,0.4455923085078055,0.5544076914921945,,,,,,,,,1443.11867499539,1640.91910727741,0.3394393144356799,0.6605606855643201,,
2021-02-14,2021,0,,DEN,LAL,1584.18590027285,1696.25266256854,0.4826415120624343,0.5173584879375657,,,,,,,,,1617.74808427099,1686.51304513739,0.574540035761669,0.425459964238331,,
2021-02-14,2021,0,,PHO,ORL,1555.20082565483,1444.62053201198,0.7706875602706267,0.22931243972937332,,,,,,,,,1584.65114018389,1489.1646884079,0.6814616925367137,0.31853830746328626,,
2021-02-14,2021,0,,SAC,MEM,1411.46771903487,1527.94588714718,0.4763037747115112,0.5236962252884888,,,,,,,,,1430.114780906,1490.1544319344,0.5167659561423742,0.4832340438576258,,
2021-02-14,2021,0,,LAC,CLE,1621.06708488917,1394.49901459775,0.867596989314167,0.13240301068583304,,,,,,,,,1660.41370240095,1396.62781415718,0.8695259934786363,0.13047400652136365,,
2021-02-15,2021,0,,WAS,HOU,1406.92508772881,1528.90877606616,0.4684050827399445,0.5315949172600555,,,,,,,,,1443.81292729755,1484.6627547435,0.5430108860022627,0.45698911399773734,,
2021-02-15,2021,0,,IND,CHI,1526.04781640106,1431.29830749049,0.7541868195433763,0.2458131804566237,,,,,,,,,1498.71128232488,1415.34766841293,0.7120619097134486,0.2879380902865514,,
2021-02-15,2021,0,,NYK,ATL,1453.81080531608,1445.53681667436,0.6509630702835271,0.34903692971647293,,,,,,,,,1432.0404588535,1519.81076428099,0.4802488855066203,0.5197511144933797,,
2021-02-15,2021,0,,UTA,PHI,1608.94280946274,1560.97829753133,0.7009345769084305,0.29906542309156947,,,,,,,,,1638.75228014556,1625.98409584988,0.6704752749630423,0.32952472503695773,,
2021-02-15,2021,0,,GSW,CLE,1425.34502802086,1394.49901459775,0.6798777829636321,0.3201222170363679,,,,,,,,,1443.00174433431,1396.62781415718,0.7200926267812977,0.2799073732187023,,
2021-02-15,2021,0,,SAC,BRK,1411.46771903487,1503.62521647224,0.511284351965739,0.48871564803426104,,,,,,,,,1430.114780906,1633.57740119556,0.26215374962608107,0.7378462503739189,,
2021-02-15,2021,0,,LAC,MIA,1621.06708488917,1522.1649753803,0.7585914406237302,0.24140855937626982,,,,,,,,,1660.41370240095,1555.82530875718,0.6828838512064891,0.3171161487935109,,
2021-02-16,2021,0,,BOS,DEN,1577.12108816882,1584.18590027285,0.630643388497543,0.369356611502457,,,,,,,,,1627.48035794229,1617.74808427099,0.6263918107703347,0.3736081892296653,,
2021-02-16,2021,0,,DET,SAS,1367.86552702958,1537.0029462263,0.40179608622639446,0.5982039137736055,,,,,,,,,1369.42028519549,1524.49059772455,0.3899319654158237,0.6100680345841762,,
2021-02-16,2021,0,,MEM,NOP,1527.94588714718,1496.18069435208,0.6810282878480179,0.31897171215198206,,,,,,,,,1490.1544319344,1511.00180745429,0.5606671657756764,0.43933283422432357,,
2021-02-16,2021,0,,MIL,TOR,1618.95541470079,1604.66875248356,0.6587855528948189,0.3412144471051811,,,,,,,,,1640.91910727741,1599.46544889403,0.6585379924022552,0.3414620075977448,,
2021-02-16,2021,0,,MIN,LAL,1344.91543449786,1696.25266256854,0.19049247342509146,0.8095075265749085,,,,,,,,,1437.54093244407,1686.51304513739,0.27067578342244664,0.7293242165775533,,
2021-02-16,2021,0,,OKC,POR,1480.99879029599,1495.65014402629,0.6204141152807167,0.37958588471928334,,,,,,,,,1443.11867499539,1468.8980567279,0.5789677138281808,0.4210322861718192,,
2021-02-16,2021,0,,PHO,BRK,1555.20082565483,1503.62521647224,0.7052738080992476,0.29472619190075244,,,,,,,,,1584.65114018389,1633.57740119556,0.6132722610017894,0.38672773899821056,,
2021-02-17,2021,0,,CLE,SAS,1394.49901459775,1537.0029462263,0.43913525948779,0.56086474051221,,,,,,,,,1396.62781415718,1524.49059772455,0.4727723789714191,0.5272276210285809,,
2021-02-17,2021,0,,ORL,NYK,1444.62053201198,1453.81080531608,0.6277889024418668,0.3722110975581332,,,,,,,,,1489.1646884079,1432.0404588535,0.6683977822997159,0.3316022177002841,,
2021-02-17,2021,0,,CHO,CHI,1442.77960094964,1431.29830749049,0.6551462120718334,0.34485378792816657,,,,,,,,,1441.7490683045,1415.34766841293,0.646218174578309,0.353781825421691,,
2021-02-17,2021,0,,WAS,DEN,1406.92508772881,1584.18590027285,0.39060996405430326,0.6093900359456967,,,,,,,,,1443.81292729755,1617.74808427099,0.4204182776593143,0.5795817223406857,,
2021-02-17,2021,0,,BOS,ATL,1577.12108816882,1445.53681667436,0.7913539771914958,0.2086460228085042,,,,,,,,,1627.48035794229,1519.81076428099,0.6811475968408847,0.31885240315911534,,
2021-02-17,2021,0,,PHI,HOU,1560.97829753133,1528.90877606616,0.6814087207474234,0.3185912792525766,,,,,,,,,1625.98409584988,1484.6627547435,0.7593496093146707,0.24065039068532934,,
2021-02-17,2021,0,,MIN,IND,1344.91543449786,1526.04781640106,0.38531813280044386,0.6146818671995562,,,,,,,,,1437.54093244407,1503.51184488809,0.4536541096618078,0.5463458903381921,,
2021-02-17,2021,0,,NOP,POR,1496.18069435208,1495.65014402629,0.6407683058728848,0.3592316941271152,,,,,,,,,1511.00180745429,1468.8980567279,0.6565883128021798,0.3434116871978202,,
2021-02-17,2021,0,,DAL,DET,1532.5766728678,1367.86552702958,0.8210973458441563,0.17890265415584372,,,,,,,,,1619.00184914858,1369.42028519549,0.8964339877509444,0.1035660122490556,,
2021-02-17,2021,0,,GSW,MIA,1425.34502802086,1522.1649753803,0.5045763358330734,0.4954236641669266,,,,,,,,,1443.00174433431,1555.82530875718,0.44091684789642527,0.5590831521035747,,
2021-02-17,2021,0,,LAC,UTA,1621.06708488917,1608.94280946274,0.6559819650080653,0.34401803499193473,,,,,,,,,1660.41370240095,1638.75228014556,0.6354429452968585,0.3645570547031415,,
2021-02-18,2021,0,,MIL,TOR,1618.95541470079,1604.66875248356,0.6587855528948189,0.3412144471051811,,,,,,,,,1640.91910727741,1599.46544889403,0.6609225420427255,0.3390774579572745,,
2021-02-18,2021,0,,SAC,MIA,1411.46771903487,1522.1649753803,0.4846102733374426,0.5153897266625573,,,,,,,,,1430.114780906,1555.82530875718,0.4861709956520813,0.5138290043479188,,
2021-02-18,2021,0,,LAL,BRK,1696.25266256854,1503.62521647224,0.843499352626281,0.15650064737371905,,,,,,,,,1686.51304513739,1633.57740119556,0.6624504467876398,0.33754955321236024,,
2021-02-19,2021,0,,CHO,DEN,1442.77960094964,1584.18590027285,0.4406920659661722,0.5593079340338278,,,,,,,,,1441.7490683045,1617.74808427099,0.3621339266227018,0.6378660733772983,,
2021-02-19,2021,0,,PHI,CHI,1560.97829753133,1431.29830749049,0.7895382414519796,0.2104617585480204,,,,,,,,,1625.98409584988,1415.34766841293,0.8357963673767517,0.16420363262324833,,
2021-02-19,2021,0,,ORL,GSW,1444.62053201198,1425.34502802086,0.6652112656207376,0.3347887343792624,,,,,,,,,1489.1646884079,1443.00174433431,0.6802492301572372,0.31975076984276285,,
2021-02-19,2021,0,,BOS,ATL,1577.12108816882,1445.53681667436,0.7913539771914958,0.2086460228085042,,,,,,,,,1627.48035794229,1519.81076428099,0.7346556525957251,0.2653443474042749,,
2021-02-19,2021,0,,MIN,TOR,1344.91543449786,1604.66875248356,0.28503654663150824,0.7149634533684918,,,,,,,,,1437.54093244407,1599.46544889403,0.44673054782623306,0.5532694521737669,,
2021-02-19,2021,0,,MIL,OKC,1618.95541470079,1480.99879029599,0.7973459707716617,0.2026540292283383,,,,,,,,,1640.91910727741,1443.11867499539,0.7903856861227512,0.20961431387724883,,
2021-02-19,2021,0,,MEM,DET,1527.94588714718,1367.86552702958,0.8171479632323354,0.1828520367676646,,,,,,,,,1490.1544319344,1369.42028519549,0.7540590527817342,0.24594094721826576,,
2021-02-19,2021,0,,NOP,PHO,1496.18069435208,1555.20082565483,0.5587027975878227,0.4412972024121773,,,,,,,,,1511.00180745429,1584.65114018389,0.5050885766076882,0.49491142339231176,,
2021-02-19,2021,0,,HOU,DAL,1528.90877606616,1532.5766728678,0.635186446596561,0.364813553403439,,,,,,,,,1484.6627547435,1619.00184914858,0.39842070211819514,0.6015792978818049,,
2021-02-19,2021,0,,LAC,UTA,1621.06708488917,1608.94280946274,0.6559819650080653,0.34401803499193473,,,,,,,,,1660.41370240095,1638.75228014556,0.6306919725988616,0.36930802740113844,,
2021-02-20,2021,0,,NYK,SAS,1453.81080531608,1537.0029462263,0.5241696016480197,0.47583039835198027,,,,,,,,,1432.0404588535,1524.49059772455,0.46225890146066445,0.5377410985393356,,
2021-02-20,2021,0,,CHO,GSW,1442.77960094964,1425.34502802086,0.6628470852587497,0.3371529147412503,,,,,,,,,1441.7490683045,1443.00174433431,0.6093314862766557,0.3906685137233443,,
2021-02-20,2021,0,,MEM,PHO,1527.94588714718,1555.20082565483,0.6031851109539467,0.39681488904605333,,,,,,,,,1490.1544319344,1584.65114018389,0.46984957782368736,0.5301504221763127,,
2021-02-20,2021,0,,CHI,SAC,1431.29830749049,1411.46771903487,0.6659225047257636,0.33407749527423636,,,,,,,,,1415.34766841293,1430.114780906,0.5292932726195525,0.4707067273804475,,
2021-02-20,2021,0,,HOU,IND,1528.90877606616,1526.04781640106,0.6438503420446877,0.3561496579553123,,,,,,,,,1484.6627547435,1507.30439123508,0.5103393254728972,0.4896606745271028,,
2021-02-20,2021,0,,LAL,MIA,1696.25266256854,1522.1649753803,0.8288892518286993,0.17111074817130068,,,,,,,,,1686.51304513739,1555.82530875718,0.7641695468289879,0.23583045317101214,,
2021-02-20,2021,0,,POR,WAS,1495.65014402629,1406.92508772881,0.7477010905353483,0.2522989094646517,,,,,,,,,1468.8980567279,1443.81292729755,0.6358684267139121,0.3641315732860879,,
2021-02-21,2021,0,,NOP,BOS,1496.18069435208,1577.12108816882,0.5274014963733987,0.4725985036266013,,,,,,,,,1511.00180745429,1627.48035794229,0.44409631908012004,0.55590368091988,,
2021-02-21,2021,0,,TOR,PHI,1604.66875248356,1560.97829753133,0.6957517104737112,0.3042482895262888,,,,,,,,,1599.46544889403,1625.98409584988,0.5612850453650836,0.4387149546349164,,
2021-02-21,2021,0,,ORL,DET,1444.62053201198,1367.86552702958,0.7344821453097499,0.26551785469025013,,,,,,,,,1489.1646884079,1369.42028519549,0.7534584809025553,0.2465415190974447,,
2021-02-21,2021,0,,CLE,OKC,1394.49901459775,1480.99879029599,0.5194186124476067,0.4805813875523933,,,,,,,,,1396.62781415718,1443.11867499539,0.5441276810730918,0.45587231892690816,,
2021-02-21,2021,0,,NYK,MIN,1453.81080531608,1344.91543449786,0.7689689398025009,0.23103106019749908,,,,,,,,,1432.0404588535,1437.54093244407,0.5344566547293025,0.4655433452706975,,
2021-02-21,2021,0,,ATL,DEN,1445.53681667436,1584.18590027285,0.4446077941295736,0.5553922058704264,,,,,,,,,1519.81076428099,1617.74808427099,0.46564418847266326,0.5343558115273368,,
2021-02-21,2021,0,,MIL,SAC,1618.95541470079,1411.46771903487,0.8544628270421998,0.14553717295780022,,,,,,,,,1640.91910727741,1430.114780906,0.8711405265965508,0.12885947340344917,,
2021-02-21,2021,0,,LAC,BRK,1621.06708488917,1503.62521647224,0.7775933108939522,0.22240668910604777,,,,,,,,,1660.41370240095,1633.57740119556,0.6376029973657903,0.3623970026342097,,
2021-02-22,2021,0,,IND,SAS,1526.04781640106,1537.0029462263,0.6254119061618431,0.37458809383815694,,,,,,,,,1507.30439123508,1524.49059772455,0.5812618466095014,0.4187381533904986,,
2021-02-22,2021,0,,HOU,CHI,1528.90877606616,1431.29830749049,0.7572271970491541,0.2427728029508459,,,,,,,,,1484.6627547435,1415.34766841293,0.6968913607623688,0.3031086392376312,,
2021-02-22,2021,0,,OKC,MIA,1480.99879029599,1522.1649753803,0.5838685468465763,0.4161314531534237,,,,,,,,,1443.11867499539,1555.82530875718,0.39022472121833507,0.6097752787816649,,
2021-02-22,2021,0,,DAL,MEM,1532.5766728678,1527.94588714718,0.6461830694096384,0.35381693059036157,,,,,,,,,1619.00184914858,1490.1544319344,0.7628979516968591,0.23710204830314086,,
2021-02-22,2021,0,,UTA,CHO,1608.94280946274,1442.77960094964,0.8223219222777488,0.1776780777222512,,,,,,,,,1638.75228014556,1441.7490683045,0.8573336668922499,0.14266633310775012,,
2021-02-22,2021,0,,PHO,POR,1555.20082565483,1495.65014402629,0.7147256782974849,0.2852743217025151,,,,,,,,,1584.65114018389,1468.8980567279,0.7524500397918771,0.24754996020812292,,
2021-02-22,2021,0,,LAL,WAS,1696.25266256854,1406.92508772881,0.9038843854820829,0.09611561451791706,,,,,,,,,1686.51304513739,1443.81292729755,0.8625585195573912,0.13744148044260884,,
2021-02-23,2021,0,,ORL,DET,1444.62053201198,1367.86552702958,0.7344821453097499,0.26551785469025013,,,,,,,,,1489.1646884079,1369.42028519549,0.7489677106090756,0.25103228939092437,,
2021-02-23,2021,0,,CLE,ATL,1394.49901459775,1445.53681667436,0.5699994890903399,0.43000051090966007,,,,,,,,,1396.62781415718,1519.81076428099,0.43615163232625664,0.5638483676737434,,
2021-02-23,2021,0,,NYK,GSW,1453.81080531608,1425.34502802086,0.6768883604928438,0.32311163950715616,,,,,,,,,1432.0404588535,1443.00174433431,0.5879621105910764,0.4120378894089236,,
2021-02-23,2021,0,,TOR,PHI,1604.66875248356,1560.97829753133,0.6957517104737112,0.3042482895262888,,,,,,,,,1599.46544889403,1625.98409584988,0.5643599474578807,0.43564005254211935,,
2021-02-23,2021,0,,DAL,BOS,1532.5766728678,1577.12108816882,0.5791360999354724,0.42086390006452756,,,,,,,,,1619.00184914858,1627.48035794229,0.5302033076742936,0.4697966923257064,,
2021-02-23,2021,0,,BRK,SAC,1503.62521647224,1411.46771903487,0.7514101838472004,0.24858981615279963,,,,,,,,,1633.57740119556,1430.114780906,0.8192580489089157,0.18074195109108426,,
2021-02-23,2021,0,,MIL,MIN,1618.95541470079,1344.91543449786,0.8959625054203147,0.10403749457968525,,,,,,,,,1640.91910727741,1437.54093244407,0.8355256274981729,0.16447437250182706,,
2021-02-23,2021,0,,LAC,WAS,1621.06708488917,1406.92508772881,0.8591619391899092,0.14083806081009076,,,,,,,,,1660.41370240095,1443.81292729755,0.8725055549563756,0.1274944450436244,,
2021-02-23,2021,0,,DEN,POR,1584.18590027285,1495.65014402629,0.7474954697502804,0.25250453024971964,,,,,,,,,1617.74808427099,1468.8980567279,0.8541829150987641,0.1458170849012359,,
2021-02-24,2021,0,,IND,GSW,1526.04781640106,1425.34502802086,0.7604845955133112,0.23951540448668884,,,,,,,,,1507.30439123508,1443.00174433431,0.749035720319747,0.25096427968025303,,
2021-02-24,2021,0,,MIA,TOR,1522.1649753803,1604.66875248356,0.525157826064064,0.474842173935936,,,,,,,,,1555.82530875718,1599.46544889403,0.6019007083845652,0.3980992916154348,,
2021-02-24,2021,0,,CLE,HOU,1394.49901459775,1528.90877606616,0.4506416488234076,0.5493583511765924,,,,,,,,,1396.62781415718,1484.6627547435,0.4253836411571014,0.5746163588428985,,
2021-02-24,2021,0,,ATL,BOS,1445.53681667436,1577.12108816882,0.45467137687202464,0.5453286231279754,,,,,,,,,1519.81076428099,1627.48035794229,0.45936990155437,0.54063009844563,,
2021-02-24,2021,0,,OKC,SAS,1480.99879029599,1537.0029462263,0.562978842136415,0.437021157863585,,,,,,,,,1443.11867499539,1524.49059772455,0.5040247127576009,0.49597528724239914,,
2021-02-24,2021,0,,CHI,MIN,1431.29830749049,1344.91543449786,0.7451491755887316,0.2548508244112684,,,,,,,,,1415.34766841293,1437.54093244407,0.6310567460231853,0.3689432539768147,,
2021-02-24,2021,0,,NOP,DET,1496.18069435208,1367.86552702958,0.7882297674064512,0.21177023259354877,,,,,,,,,1511.00180745429,1369.42028519549,0.8172519643381548,0.18274803566184517,,
2021-02-24,2021,0,,PHO,CHO,1555.20082565483,1442.77960094964,0.7725550194825793,0.22744498051742068,,,,,,,,,1584.65114018389,1441.7490683045,0.7849497795354888,0.21505022046451117,,
2021-02-24,2021,0,,UTA,LAL,1608.94280946274,1696.25266256854,0.518254472443377,0.48174552755662303,,,,,,,,,1638.75228014556,1686.51304513739,0.5901392040771032,0.4098607959228968,,
2021-02-25,2021,0,,PHI,DAL,1560.97829753133,1532.5766728678,0.6768075871253993,0.32319241287460065,,,,,,,,,1625.98409584988,1619.00184914858,0.6160808405086432,0.3839191594913568,,
2021-02-25,2021,0,,NYK,SAC,1453.81080531608,1411.46771903487,0.6941074058983527,0.30589259410164726,,,,,,,,,1432.0404588535,1430.114780906,0.6013578923869661,0.39864210761303387,,
2021-02-25,2021,0,,BRK,ORL,1503.62521647224,1444.62053201198,0.7140844081916649,0.28591559180833515,,,,,,,,,1632.1428002207,1489.1646884079,0.7784248062569508,0.22157519374304924,,
2021-02-25,2021,0,,MEM,LAC,1527.94588714718,1621.06708488917,0.5098980989196388,0.4901019010803612,,,,,,,,,1490.1544319344,1660.41370240095,0.3710068830294746,0.6289931169705254,,
2021-02-25,2021,0,,DEN,WAS,1584.18590027285,1406.92508772881,0.8314644076377588,0.16853559236224125,,,,,,,,,1617.74808427099,1443.81292729755,0.8452070374990298,0.1547929625009702,,
2021-02-25,2021,0,,MIL,NOP,1618.95541470079,1496.18069435208,0.7828570764456432,0.21714292355435683,,,,,,,,,1640.91910727741,1511.00180745429,0.8137739666827699,0.1862260333172301,,
2021-02-26,2021,0,,DET,SAC,1367.86552702958,1411.46771903487,0.5804575307003091,0.41954246929969086,,,,,,,,,1369.42028519549,1430.114780906,0.5862327762207057,0.4137672237792943,,
2021-02-26,2021,0,,TOR,HOU,1604.66875248356,1528.90877606616,0.7333636125368561,0.2666363874631439,,,,,,,,,1599.46544889403,1484.6627547435,0.7379947307466521,0.2620052692533479,,
2021-02-26,2021,0,,BOS,IND,1577.12108816882,1526.04781640106,0.7046723778359714,0.29532762216402864,,,,,,,,,1627.48035794229,1507.30439123508,0.7475835433832309,0.25241645661676915,,
2021-02-26,2021,0,,MEM,LAC,1527.94588714718,1621.06708488917,0.5098980989196388,0.4901019010803612,,,,,,,,,1490.1544319344,1660.41370240095,0.36135355032406524,0.6386464496759348,,
2021-02-26,2021,0,,OKC,ATL,1480.99879029599,1445.53681667436,0.6856330855455004,0.3143669144544996,,,,,,,,,1443.11867499539,1519.81076428099,0.5113411796606697,0.4886588203393303,,
2021-02-26,2021,0,,CHI,PHO,1431.29830749049,1555.20082565483,0.46565567832188287,0.5343443216781172,,,,,,,,,1415.34766841293,1584.65114018389,0.378780709843485,0.621219290156515,,
2021-02-26,2021,0,,MIA,UTA,1522.1649753803,1608.94280946274,0.5190190455026281,0.4809809544973719,,,,,,,,,1555.82530875718,1638.75228014556,0.4986100029179235,0.5013899970820765,,
2021-02-26,2021,0,,LAL,POR,1696.25266256854,1495.65014402629,0.8494644975832792,0.15053550241672076,,,,,,,,,1686.51304513739,1468.8980567279,0.8418395615733426,0.1581604384266574,,
2021-02-26,2021,0,,GSW,CHO,1425.34502802086,1442.77960094964,0.6166338334228826,0.3833661665771174,,,,,,,,,1443.00174433431,1441.7490683045,0.5894871798909015,0.4105128201090985,,
2021-02-27,2021,0,,PHI,CLE,1560.97829753133,1394.49901459775,0.822587606658532,0.17741239334146797,,,,,,,,,1625.98409584988,1396.62781415718,0.8496548606326356,0.15034513936736438,,
2021-02-27,2021,0,,SAS,NOP,1537.0029462263,1496.18069435208,0.6922454511168061,0.30775454888319387,,,,,,,,,1524.49059772455,1511.00180745429,0.6302094087366451,0.3697905912633549,,
2021-02-27,2021,0,,ORL,UTA,1444.62053201198,1608.94280946274,0.4084760732957502,0.5915239267042498,,,,,,,,,1489.1646884079,1638.75228014556,0.44592082122010973,0.5540791787798902,,
2021-02-27,2021,0,,NYK,IND,1453.81080531608,1526.04781640106,0.5398693291550968,0.4601306708449032,,,,,,,,,1432.0404588535,1507.30439123508,0.5595147780328864,0.4404852219671136,,
2021-02-27,2021,0,,WAS,MIN,1406.92508772881,1344.91543449786,0.7176029842181353,0.2823970157818647,,,,,,,,,1443.81292729755,1437.54093244407,0.5998931616037892,0.40010683839621075,,
2021-02-27,2021,0,,OKC,DEN,1480.99879029599,1584.18590027285,0.49541350869627515,0.5045864913037248,,,,,,,,,1443.11867499539,1617.74808427099,0.3114995409399134,0.6885004590600866,,
2021-02-27,2021,0,,BRK,DAL,1503.62521647224,1532.5766728678,0.6008452658063975,0.3991547341936025,,,,,,,,,1634.75521962273,1619.00184914858,0.6210597388025684,0.3789402611974316,,
2021-02-28,2021,0,,MIL,LAC,1618.95541470079,1621.06708488917,0.6372597945298858,0.3627402054701142,,,,,,,,,1640.91910727741,1660.41370240095,0.5832683986359144,0.4167316013640856,,
2021-02-28,2021,0,,MIA,ATL,1522.1649753803,1445.53681667436,0.7343397214540301,0.26566027854596985,,,,,,,,,1555.82530875718,1519.81076428099,0.6567340517160032,0.3432659482839968,,
2021-02-28,2021,0,,TOR,CHI,1604.66875248356,1431.29830749049,0.8283028641409197,0.1716971358590803,,,,,,,,,1599.46544889403,1415.34766841293,0.8155989094311397,0.18440109056886034,,
2021-02-28,2021,0,,DET,NYK,1367.86552702958,1453.81080531608,0.5202153446825505,0.4797846553174495,,,,,,,,,1369.42028519549,1432.0404588535,0.5917190395202835,0.4082809604797165,,
2021-02-28,2021,0,,HOU,MEM,1528.90877606616,1527.94588714718,0.6413409740163053,0.3586590259836947,,,,,,,,,1484.6627547435,1490.1544319344,0.5841926389602694,0.4158073610397306,,
2021-02-28,2021,0,,BOS,WAS,1577.12108816882,1406.92508772881,0.8256884354915741,0.1743115645084259,,,,,,,,,1627.48035794229,1443.81292729755,0.8501344714252728,0.14986552857472724,,
2021-02-28,2021,0,,LAL,GSW,1696.25266256854,1425.34502802086,0.8942697075730139,0.10573029242698606,,,,,,,,,1686.51304513739,1443.00174433431,0.8610631215353469,0.13893687846465308,,
2021-02-28,2021,0,,MIN,PHO,1344.91543449786,1555.20082565483,0.3464107821990431,0.6535892178009569,,,,,,,,,1437.54093244407,1584.65114018389,0.33372075405105706,0.6662792459489429,,
2021-02-28,2021,0,,SAC,CHO,1411.46771903487,1442.77960094964,0.5975821030289743,0.4024178969710257,,,,,,,,,1430.114780906,1441.7490683045,0.565796808165981,0.434203191834019,,
2021-03-01,2021,0,,PHI,IND,1560.97829753133,1526.04781640106,0.6849732619874694,0.31502673801253056,,,,,,,,,1625.98409584988,1513.98284447448,0.7401466148826719,0.25985338511732814,,
2021-03-01,2021,0,,ORL,DAL,1444.62053201198,1532.5766728678,0.5173255673037314,0.48267443269626864,,,,,,,,,1489.1646884079,1619.00184914858,0.4229748756444867,0.5770251243555133,,
2021-03-01,2021,0,,NOP,UTA,1496.18069435208,1608.94280946274,0.4816420958008666,0.5183579041991334,,,,,,,,,1511.00180745429,1638.75228014556,0.41673147849338715,0.5832685215066129,,
2021-03-01,2021,0,,HOU,CLE,1528.90877606616,1394.49901459775,0.7940267845342801,0.2059732154657199,,,,,,,,,1484.6627547435,1396.62781415718,0.6655923672439649,0.33440763275603513,,
2021-03-01,2021,0,,CHI,DEN,1431.29830749049,1584.18590027285,0.42447111561081874,0.5755288843891813,,,,,,,,,1415.34766841293,1617.74808427099,0.2702571573724815,0.7297428426275185,,
2021-03-01,2021,0,,SAS,BRK,1537.0029462263,1503.62521647224,0.6830413185941313,0.3169586814058687,,,,,,,,,1524.49059772455,1634.75521962273,0.4631127488283699,0.53688725117163,,
2021-03-01,2021,0,,POR,CHO,1495.65014402629,1442.77960094964,0.7068208915629031,0.29317910843709694,,,,,,,,,1469.64137599333,1441.7490683045,0.6936393641494649,0.3063606358505351,,
2021-03-02,2021,0,,WAS,MEM,1406.92508772881,1527.94588714718,0.4697854964235102,0.5302145035764898,,,,,,,,,1443.81292729755,1490.1544319344,0.5405825229916132,0.45941747700838675,,
2021-03-02,2021,0,,TOR,DET,1604.66875248356,1367.86552702958,0.8742197255844834,0.12578027441551665,,,,,,,,,1599.46544889403,1369.42028519549,0.8510689688058499,0.14893103119415008,,
2021-03-02,2021,0,,BOS,LAC,1577.12108816882,1621.06708488917,0.5799754908712759,0.42002450912872413,,,,,,,,,1627.48035794229,1660.41370240095,0.5594965727483752,0.44050342725162484,,
2021-03-02,2021,0,,MIA,ATL,1522.1649753803,1445.53681667436,0.7343397214540301,0.26566027854596985,,,,,,,,,1555.82530875718,1519.81076428099,0.6469444040583809,0.35305559594161906,,
2021-03-02,2021,0,,MIL,DEN,1618.95541470079,1584.18590027285,0.6847732816986534,0.31522671830134663,,,,,,,,,1640.91910727741,1617.74808427099,0.6965614141846526,0.30343858581534744,,
2021-03-02,2021,0,,SAS,NYK,1537.0029462263,1453.81080531608,0.7416455074051087,0.2583544925948913,,,,,,,,,1524.49059772455,1432.0404588535,0.6773011006245455,0.3226988993754545,,
2021-03-02,2021,0,,LAL,PHO,1696.25266256854,1555.20082565483,0.8002097661813397,0.19979023381866035,,,,,,,,,1686.51304513739,1584.65114018389,0.7408617768886189,0.2591382231113811,,
2021-03-03,2021,0,,ORL,ATL,1444.62053201198,1445.53681667436,0.6388489419596814,0.36115105804031855,,,,,,,,,1489.1646884079,1518.56118523444,0.6242739510097981,0.3757260489902019,,
2021-03-03,2021,0,,PHI,UTA,1560.97829753133,1608.94280946274,0.5743301471760267,0.4256698528239733,,,,,,,,,1625.98409584988,1638.75228014556,0.5899460173447245,0.4100539826552755,,
2021-03-03,2021,0,,CLE,IND,1394.49901459775,1526.04781640106,0.4547220028039091,0.5452779971960908,,,,,,,,,1396.62781415718,1528.26154267747,0.4129977829219972,0.5870022170780028,,
2021-03-03,2021,0,,HOU,BRK,1528.90877606616,1503.62521647224,0.6728690405475258,0.32713095945247417,,,,,,,,,1486.34780011285,1634.75521962273,0.38998873168840736,0.6100112683115926,,
2021-03-03,2021,0,,NOP,CHI,1496.18069435208,1431.29830749049,0.7209420544227839,0.2790579455772161,,,,,,,,,1511.00180745429,1415.34766841293,0.7267398843319263,0.27326011566807373,,
2021-03-03,2021,0,,MIN,CHO,1344.91543449786,1442.77960094964,0.5030736728370142,0.4969263271629858,,,,,,,,,1437.54093244407,1441.7490683045,0.6148206284939651,0.3851793715060349,,
2021-03-03,2021,0,,DAL,OKC,1532.5766728678,1480.99879029599,0.7052765283241709,0.29472347167582913,,,,,,,,,1619.00184914858,1443.11867499539,0.8030387226401192,0.19696127735988078,,
2021-03-03,2021,0,,POR,GSW,1495.65014402629,1425.34502802086,0.7271786610226904,0.27282133897730965,,,,,,,,,1467.53016451397,1443.00174433431,0.6395112646589043,0.3604887353410957,,
2021-03-03,2021,0,,SAC,LAL,1411.46771903487,1696.25266256854,0.25660155747328395,0.743398442526716,,,,,,,,,1430.114780906,1686.51304513739,0.3106047663562802,0.6893952336437198,,
2021-03-04,2021,0,,IND,DEN,1526.04781640106,1584.18590027285,0.5599542931009867,0.44004570689901334,,,,,,,,,1536.2998424704,1617.74808427099,0.42536799294942945,0.5746320070505706,,
2021-03-04,2021,0,,BOS,TOR,1577.12108816882,1604.66875248356,0.6027817157805637,0.3972182842194363,,,,,,,,,1627.48035794229,1599.46544889403,0.6399052706714026,0.36009472932859743,,
2021-03-04,2021,0,,WAS,LAC,1406.92508772881,1621.06708488917,0.34140166537291833,0.6585983346270816,,,,,,,,,1443.81292729755,1660.41370240095,0.30309386702589114,0.6969061329741089,,
2021-03-04,2021,0,,MEM,MIL,1527.94588714718,1618.95541470079,0.5129354428277443,0.4870645571722557,,,,,,,,,1490.1544319344,1640.91910727741,0.38591690522154365,0.6140830947784564,,
2021-03-04,2021,0,,SAS,OKC,1537.0029462263,1480.99879029599,0.7105449327521052,0.2894550672478948,,,,,,,,,1524.49059772455,1443.11867499539,0.7639643151833291,0.23603568481667092,,
2021-03-04,2021,0,,NOP,MIA,1496.18069435208,1522.1649753803,0.6049345272712418,0.39506547272875825,,,,,,,,,1511.00180745429,1555.82530875718,0.474444824788343,0.525555175211657,,
2021-03-04,2021,0,,POR,SAC,1495.65014402629,1411.46771903487,0.742736266584344,0.257263733415656,,,,,,,,,1465.49677630355,1430.114780906,0.6510077827281285,0.34899221727187146,,